Country,Country Code,Year,GDP
Benin,BEN,1960,226195578.434497
Benin,BEN,1961,235668220.508202
Benin,BEN,1962,236434954.038578
Benin,BEN,1963,253927697.25805
Benin,BEN,1964,269819005.87814
Benin,BEN,1965,289908680.426395
Benin,BEN,1966,302925235.151997
Benin,BEN,1967,306221953.104911
Benin,BEN,1968,326323105.26476
Benin,BEN,1969,330748244.539574
Benin,BEN,1970,333627713.494438
Benin,BEN,1971,335073027.54117
Benin,BEN,1972,410331856.991218
Benin,BEN,1973,504376074.185709
Benin,BEN,1974,554654860.702577
Benin,BEN,1975,676870140.341529
Benin,BEN,1976,698408261.922237
Benin,BEN,1977,750049778.84069
Benin,BEN,1978,928843469.431727
Benin,BEN,1979,1186231019.82044
Benin,BEN,1980,1405251846.54048
Benin,BEN,1981,1291120188.43104
Benin,BEN,1982,1267778670.35902
Benin,BEN,1983,1095348199.43911
Benin,BEN,1984,1051134008.78979
Benin,BEN,1985,1045712789.14884
Benin,BEN,1986,1336102025.27763
Benin,BEN,1987,1562412227.90058
Benin,BEN,1988,1620246083.79478
Benin,BEN,1989,1502294416.17129
Benin,BEN,1990,1959965330.14765
Benin,BEN,1991,1986437796.53053
Benin,BEN,1992,1695315305.70308
Benin,BEN,1993,2274558082.76135
Benin,BEN,1994,1598075943.86774
Benin,BEN,1995,2169627137.9207
Benin,BEN,1996,2361116449.39308
Benin,BEN,1997,2268301646.46707
Benin,BEN,1998,2455092686.34712
Benin,BEN,1999,3677393998.74486
Benin,BEN,2000,3519991440.47913
Benin,BEN,2001,3666222635.13875
Benin,BEN,2002,4194342686.2178
Benin,BEN,2003,5349258094.48239
Benin,BEN,2004,6190270380.49856
Benin,BEN,2005,6567654954.38903
Benin,BEN,2006,7034111314.88812
Benin,BEN,2007,8169048382.83875
Benin,BEN,2008,9787734526.23965
Benin,BEN,2009,9738626517.00319
Benin,BEN,2010,9535345015.78355
Benin,BEN,2011,10693321363.6574
Benin,BEN,2012,11141358115.8991
Benin,BEN,2013,12517845123.9315
Benin,BEN,2014,13284527846.9081
Benin,BEN,2015,11388160996.7738
Benin,BEN,2016,11821065853.3838
Benin,BEN,2017,12701655836.9467
Benin,BEN,2018,14262408089.9261
Benin,BEN,2019,14391686313.4641
Benin,BEN,2020,15686741883.934
Benin,BEN,2021,17687623530.3355
Benin,BEN,2022,17425405090.862
Benin,BEN,2023,19673291004.1444
Benin,BEN,2024,21482643706.4249
Benin,BEN,2025,24566420903.5337
Burkina Faso,BFA,1960,330442815.821186
Burkina Faso,BFA,1961,350247234.260712
Burkina Faso,BFA,1962,379567099.249422
Burkina Faso,BFA,1963,394040667.106335
Burkina Faso,BFA,1964,410321644.964911
Burkina Faso,BFA,1965,422916789.7483
Burkina Faso,BFA,1966,433889766.239436
Burkina Faso,BFA,1967,450753923.548048
Burkina Faso,BFA,1968,460442689.376378
Burkina Faso,BFA,1969,478298645.39382
Burkina Faso,BFA,1970,458404268.761971
Burkina Faso,BFA,1971,482411179.121178
Burkina Faso,BFA,1972,578595521.990135
Burkina Faso,BFA,1973,674773569.877548
Burkina Faso,BFA,1974,751133430.449301
Burkina Faso,BFA,1975,939972703.463021
Burkina Faso,BFA,1976,976547188.054778
Burkina Faso,BFA,1977,1131224878.18865
Burkina Faso,BFA,1978,1475583644.93614
Burkina Faso,BFA,1979,1748480620.52397
Burkina Faso,BFA,1980,1928719888.20688
Burkina Faso,BFA,1981,1775842333.57042
Burkina Faso,BFA,1982,1754450096.23721
Burkina Faso,BFA,1983,1600278605.25465
Burkina Faso,BFA,1984,1459880132.14107
Burkina Faso,BFA,1985,1552493196.28424
Burkina Faso,BFA,1986,2036303357.68113
Burkina Faso,BFA,1987,2369834949.73234
Burkina Faso,BFA,1988,2616040478.99309
Burkina Faso,BFA,1989,2615587733.97303
Burkina Faso,BFA,1990,3101300778.56414
Burkina Faso,BFA,1991,3135045584.08387
Burkina Faso,BFA,1992,3356692505.18266
Burkina Faso,BFA,1993,3199536465.23328
Burkina Faso,BFA,1994,1895290637.09504
Burkina Faso,BFA,1995,2379517975.28056
Burkina Faso,BFA,1996,2586550595.41013
Burkina Faso,BFA,1997,2447669101.95178
Burkina Faso,BFA,1998,2804902367.14687
Burkina Faso,BFA,1999,3389566712.66037
Burkina Faso,BFA,2000,2968370087.59759
Burkina Faso,BFA,2001,3190371080.94768
Burkina Faso,BFA,2002,3622350062.96053
Burkina Faso,BFA,2003,4740768142.67494
Burkina Faso,BFA,2004,5451688537.60959
Burkina Faso,BFA,2005,6146353173.34929
Burkina Faso,BFA,2006,6547419820.38113
Burkina Faso,BFA,2007,7625722836.76847
Burkina Faso,BFA,2008,9451435490.11467
Burkina Faso,BFA,2009,9450696873.34326
Burkina Faso,BFA,2010,10109619740.6994
Burkina Faso,BFA,2011,12080295977.5632
Burkina Faso,BFA,2012,12561015156.5683
Burkina Faso,BFA,2013,13444300485.8412
Burkina Faso,BFA,2014,13943016076.7436
Burkina Faso,BFA,2015,11832159315.6298
Burkina Faso,BFA,2016,12833363045.3367
Burkina Faso,BFA,2017,14106955615.3442
Burkina Faso,BFA,2018,15890066221.2882
Burkina Faso,BFA,2019,16032813503.3707
Burkina Faso,BFA,2020,17725010532.5268
Burkina Faso,BFA,2021,19697516284.3787
Burkina Faso,BFA,2022,18622421394.6133
Burkina Faso,BFA,2023,20106062971.6533
Burkina Faso,BFA,2024,23136514855.7646
Burkina Faso,BFA,2025,27627297461.3181
Cabo Verde,CPV,1960,
Cabo Verde,CPV,1961,
Cabo Verde,CPV,1962,
Cabo Verde,CPV,1963,
Cabo Verde,CPV,1964,
Cabo Verde,CPV,1965,
Cabo Verde,CPV,1966,
Cabo Verde,CPV,1967,
Cabo Verde,CPV,1968,
Cabo Verde,CPV,1969,
Cabo Verde,CPV,1970,
Cabo Verde,CPV,1971,
Cabo Verde,CPV,1972,
Cabo Verde,CPV,1973,
Cabo Verde,CPV,1974,
Cabo Verde,CPV,1975,
Cabo Verde,CPV,1976,
Cabo Verde,CPV,1977,
Cabo Verde,CPV,1978,
Cabo Verde,CPV,1979,
Cabo Verde,CPV,1980,142246815.345007
Cabo Verde,CPV,1981,139468209.116206
Cabo Verde,CPV,1982,140630678.983478
Cabo Verde,CPV,1983,138476175.620363
Cabo Verde,CPV,1984,132019038.591628
Cabo Verde,CPV,1985,137728204.813735
Cabo Verde,CPV,1986,190651167.559385
Cabo Verde,CPV,1987,235253064.70982
Cabo Verde,CPV,1988,264308140.285149
Cabo Verde,CPV,1989,267448571.414611
Cabo Verde,CPV,1990,306890962.649533
Cabo Verde,CPV,1991,319827058.592875
Cabo Verde,CPV,1992,357160985.327413
Cabo Verde,CPV,1993,490417389.682569
Cabo Verde,CPV,1994,406580652.330537
Cabo Verde,CPV,1995,487148993.533109
Cabo Verde,CPV,1996,501979269.843942
Cabo Verde,CPV,1997,490608657.924976
Cabo Verde,CPV,1998,521910560.524868
Cabo Verde,CPV,1999,592416703.058878
Cabo Verde,CPV,2000,539227277.626411
Cabo Verde,CPV,2001,563090490.377368
Cabo Verde,CPV,2002,620507387.466174
Cabo Verde,CPV,2003,813260468.873834
Cabo Verde,CPV,2004,924940011.836897
Cabo Verde,CPV,2005,972241676.907662
Cabo Verde,CPV,2006,1107571457.90614
Cabo Verde,CPV,2007,1649621738.63689
Cabo Verde,CPV,2008,1959620648.31578
Cabo Verde,CPV,2009,1852334575.17521
Cabo Verde,CPV,2010,1824751467.92957
Cabo Verde,CPV,2011,2046817987.20109
Cabo Verde,CPV,2012,1913081210.41411
Cabo Verde,CPV,2013,2028910915.16446
Cabo Verde,CPV,2014,2041930125.42979
Cabo Verde,CPV,2015,1749857620.35329
Cabo Verde,CPV,2016,1849789985.99572
Cabo Verde,CPV,2017,1996741539.95088
Cabo Verde,CPV,2018,2205099506.99994
Cabo Verde,CPV,2019,2252177124.32402
Cabo Verde,CPV,2020,1821565613.68613
Cabo Verde,CPV,2021,2051842618.70539
Cabo Verde,CPV,2022,2247003344.34242
Cabo Verde,CPV,2023,2504525537.51069
Cabo Verde,CPV,2024,2713721857.39153
Cabo Verde,CPV,2025,3056630435.32463
Cote d'Ivoire,CIV,1960,546203559.344361
Cote d'Ivoire,CIV,1961,618245634.179831
Cote d'Ivoire,CIV,1962,645284473.733691
Cote d'Ivoire,CIV,1963,761047198.029653
Cote d'Ivoire,CIV,1964,921063326.589918
Cote d'Ivoire,CIV,1965,919771228.816095
Cote d'Ivoire,CIV,1966,1024102880.05862
Cote d'Ivoire,CIV,1967,1082922724.87189
Cote d'Ivoire,CIV,1968,1281281276.72357
Cote d'Ivoire,CIV,1969,1361360293.42665
Cote d'Ivoire,CIV,1970,1455482795.40691
Cote d'Ivoire,CIV,1971,1584128509.46873
Cote d'Ivoire,CIV,1972,1849400401.64724
Cote d'Ivoire,CIV,1973,2508421426.17572
Cote d'Ivoire,CIV,1974,3070152309.21903
Cote d'Ivoire,CIV,1975,3893839190.26806
Cote d'Ivoire,CIV,1976,4662053824.83955
Cote d'Ivoire,CIV,1977,6265068189.37782
Cote d'Ivoire,CIV,1978,7900526298.31993
Cote d'Ivoire,CIV,1979,9142933966.79465
Cote d'Ivoire,CIV,1980,10175617609.0962
Cote d'Ivoire,CIV,1981,8432589942.39434
Cote d'Ivoire,CIV,1982,7567110848.92228
Cote d'Ivoire,CIV,1983,6838184772.52063
Cote d'Ivoire,CIV,1984,6841639246.8996
Cote d'Ivoire,CIV,1985,6977650643.99488
Cote d'Ivoire,CIV,1986,9158302099.57957
Cote d'Ivoire,CIV,1987,10087654464.8168
Cote d'Ivoire,CIV,1988,10255169805.7996
Cote d'Ivoire,CIV,1989,9757410644.6679
Cote d'Ivoire,CIV,1990,10795850582.779
Cote d'Ivoire,CIV,1991,10492628580.7484
Cote d'Ivoire,CIV,1992,11152971273.9383
Cote d'Ivoire,CIV,1993,11045760288.1206
Cote d'Ivoire,CIV,1994,8313557510.14757
Cote d'Ivoire,CIV,1995,11000146266.5135
Cote d'Ivoire,CIV,1996,18071152830.6101
Cote d'Ivoire,CIV,1997,18047558037.7036
Cote d'Ivoire,CIV,1998,19619654755.679
Cote d'Ivoire,CIV,1999,18870992455.568
Cote d'Ivoire,CIV,2000,16577533891.8785
Cote d'Ivoire,CIV,2001,16810537043.8407
Cote d'Ivoire,CIV,2002,18054383320.8474
Cote d'Ivoire,CIV,2003,21251754340.4305
Cote d'Ivoire,CIV,2004,23510575681.3686
Cote d'Ivoire,CIV,2005,24036918703.1747
Cote d'Ivoire,CIV,2006,25281413263.3712
Cote d'Ivoire,CIV,2007,28760090953.3081
Cote d'Ivoire,CIV,2008,34078240293.2559
Cote d'Ivoire,CIV,2009,33886813250.2036
Cote d'Ivoire,CIV,2010,34936307980.063
Cote d'Ivoire,CIV,2011,36693710801.3976
Cote d'Ivoire,CIV,2012,36302302877.2977
Cote d'Ivoire,CIV,2013,42760235484.6093
Cote d'Ivoire,CIV,2014,48843005613.7091
Cote d'Ivoire,CIV,2015,45815005169.2651
Cote d'Ivoire,CIV,2016,48407761036.8238
Cote d'Ivoire,CIV,2017,52512343996.69
Cote d'Ivoire,CIV,2018,58522477786.6889
Cote d'Ivoire,CIV,2019,60382894697.3557
Cote d'Ivoire,CIV,2020,63027852805.4204
Cote d'Ivoire,CIV,2021,72794636653.7793
Cote d'Ivoire,CIV,2022,70922824813.9102
Cote d'Ivoire,CIV,2023,80780312569.1646
Cote d'Ivoire,CIV,2024,87113179149.284
Cote d'Ivoire,CIV,2025,99773555666.1988
"Gambia, The",GMB,1960,
"Gambia, The",GMB,1961,
"Gambia, The",GMB,1962,
"Gambia, The",GMB,1963,
"Gambia, The",GMB,1964,
"Gambia, The",GMB,1965,
"Gambia, The",GMB,1966,44212081.3502297
"Gambia, The",GMB,1967,46695006.9579374
"Gambia, The",GMB,1968,41160065.8561054
"Gambia, The",GMB,1969,45168072.2689156
"Gambia, The",GMB,1970,52296083.6737339
"Gambia, The",GMB,1971,55728663.222684
"Gambia, The",GMB,1972,59160569.4804413
"Gambia, The",GMB,1973,75187749.0961317
"Gambia, The",GMB,1974,95796021.6888272
"Gambia, The",GMB,1975,115179719.077633
"Gambia, The",GMB,1976,112190829.470457
"Gambia, The",GMB,1977,138093099.09774
"Gambia, The",GMB,1978,171833086.019624
"Gambia, The",GMB,1979,207112627.726094
"Gambia, The",GMB,1980,241083090.303623
"Gambia, The",GMB,1981,218767743.459101
"Gambia, The",GMB,1982,216050552.301584
"Gambia, The",GMB,1983,213448584.936945
"Gambia, The",GMB,1984,177340880.086204
"Gambia, The",GMB,1985,225726358.890914
"Gambia, The",GMB,1986,185646986.824927
"Gambia, The",GMB,1987,220626484.224811
"Gambia, The",GMB,1988,266672211.934161
"Gambia, The",GMB,1989,284120329.401023
"Gambia, The",GMB,1990,317083695.477797
"Gambia, The",GMB,1991,690311080.515018
"Gambia, The",GMB,1992,714254256.122189
"Gambia, The",GMB,1993,755040974.087322
"Gambia, The",GMB,1994,746493951.900959
"Gambia, The",GMB,1995,785999864.840299
"Gambia, The",GMB,1996,848239446.21576
"Gambia, The",GMB,1997,803633342.473706
"Gambia, The",GMB,1998,840285264.631545
"Gambia, The",GMB,1999,814724032.065735
"Gambia, The",GMB,2000,782913871.80966
"Gambia, The",GMB,2001,687410645.063943
"Gambia, The",GMB,2002,578235309.327198
"Gambia, The",GMB,2003,487038685.045496
"Gambia, The",GMB,2004,961900651.423441
"Gambia, The",GMB,2005,1027701067.55688
"Gambia, The",GMB,2006,1054112487.74083
"Gambia, The",GMB,2007,1279703047.0221
"Gambia, The",GMB,2008,1561766955.73024
"Gambia, The",GMB,2009,1450142508.57808
"Gambia, The",GMB,2010,1543294926.87301
"Gambia, The",GMB,2011,1409693596.93594
"Gambia, The",GMB,2012,1415004738.26621
"Gambia, The",GMB,2013,1375609453.43746
"Gambia, The",GMB,2014,1229461721.40861
"Gambia, The",GMB,2015,1378176608.93204
"Gambia, The",GMB,2016,1484578885.97132
"Gambia, The",GMB,2017,1504909462.69521
"Gambia, The",GMB,2018,1670671327.81651
"Gambia, The",GMB,2019,1813609692.49994
"Gambia, The",GMB,2020,1812170891.19069
"Gambia, The",GMB,2021,2014158842.14596
"Gambia, The",GMB,2022,2204734527.88096
"Gambia, The",GMB,2023,2382262185.38179
"Gambia, The",GMB,2024,2404888737.54853
"Gambia, The",GMB,2025,2593673987.53306
Ghana,GHA,1960,1217230094.97205
Ghana,GHA,1961,1302674324.88378
Ghana,GHA,1962,1382515654.47343
Ghana,GHA,1963,1540797588.57221
Ghana,GHA,1964,1731296199.52296
Ghana,GHA,1965,2053462968.0426
Ghana,GHA,1966,2126300672.22965
Ghana,GHA,1967,1747187644.9031
Ghana,GHA,1968,1666909517.65205
Ghana,GHA,1969,1962050555.7775
Ghana,GHA,1970,2215028588.45646
Ghana,GHA,1971,2417108577.52739
Ghana,GHA,1972,2112293279.98507
Ghana,GHA,1973,3006766758.43977
Ghana,GHA,1974,2894409937.8882
Ghana,GHA,1975,2810106382.97872
Ghana,GHA,1976,2765254237.28814
Ghana,GHA,1977,3189428571.42857
Ghana,GHA,1978,3662478184.99127
Ghana,GHA,1979,4020227920.22792
Ghana,GHA,1980,4445228215.76763
Ghana,GHA,1981,4222441860.46512
Ghana,GHA,1982,4035994397.7591
Ghana,GHA,1983,4057275132.27513
Ghana,GHA,1984,4412279843.44423
Ghana,GHA,1985,4504306722.68908
Ghana,GHA,1986,5735677433.82683
Ghana,GHA,1987,5074829931.97279
Ghana,GHA,1988,5197765031.64557
Ghana,GHA,1989,5251858439.874
Ghana,GHA,1990,5889106573.46088
Ghana,GHA,1991,6603185267.79643
Ghana,GHA,1992,6416103925.83267
Ghana,GHA,1993,5968922939.37198
Ghana,GHA,1994,5446383726.77047
Ghana,GHA,1995,6464382807.67884
Ghana,GHA,1996,6932991739.37767
Ghana,GHA,1997,6891443192.24985
Ghana,GHA,1998,7482069162.42008
Ghana,GHA,1999,7718109982.26093
Ghana,GHA,2000,4982850662.20851
Ghana,GHA,2001,5314872854.4405
Ghana,GHA,2002,6166197847.85031
Ghana,GHA,2003,7632723555.66221
Ghana,GHA,2004,8881417906.71432
Ghana,GHA,2005,10744568381.4456
Ghana,GHA,2006,20885037596.6963
Ghana,GHA,2007,24827339138.4906
Ghana,GHA,2008,28679383241.0729
Ghana,GHA,2009,26048720005.5233
Ghana,GHA,2010,32197655566.5347
Ghana,GHA,2011,39336668080.559
Ghana,GHA,2012,41271701060.954
Ghana,GHA,2013,62845721959.827
Ghana,GHA,2014,54678533805.9064
Ghana,GHA,2015,49436806230.4839
Ghana,GHA,2016,56144179397.8516
Ghana,GHA,2017,60385409434.8567
Ghana,GHA,2018,67259353965.6087
Ghana,GHA,2019,68352629246.1555
Ghana,GHA,2020,70008243859.8666
Ghana,GHA,2021,79514204730.3979
Ghana,GHA,2022,73919003212.1998
Ghana,GHA,2023,80547146875.9526
Ghana,GHA,2024,83288585604.0268
Ghana,GHA,2025,114209905278.717
Guinea,GIN,1960,
Guinea,GIN,1961,
Guinea,GIN,1962,
Guinea,GIN,1963,
Guinea,GIN,1964,
Guinea,GIN,1965,
Guinea,GIN,1966,
Guinea,GIN,1967,
Guinea,GIN,1968,
Guinea,GIN,1969,
Guinea,GIN,1970,3220224607.81851
Guinea,GIN,1971,3594302908.06164
Guinea,GIN,1972,4203069035.01427
Guinea,GIN,1973,5152080387.55572
Guinea,GIN,1974,5691417541.33871
Guinea,GIN,1975,6102769605.43001
Guinea,GIN,1976,6762781870.6211
Guinea,GIN,1977,6914381290.57116
Guinea,GIN,1978,8087305999.0597
Guinea,GIN,1979,8877094497.44971
Guinea,GIN,1980,9746524915.08071
Guinea,GIN,1981,9646440666.52864
Guinea,GIN,1982,11926032493.4301
Guinea,GIN,1983,15129893722.3449
Guinea,GIN,1984,18421497251.1767
Guinea,GIN,1985,22787644565.9059
Guinea,GIN,1986,2909130355.238
Guinea,GIN,1987,2976714019.06852
Guinea,GIN,1988,3476480303.12273
Guinea,GIN,1989,3546079262.94987
Guinea,GIN,1990,3888320665.52218
Guinea,GIN,1991,4396178694.1535
Guinea,GIN,1992,4789220416.70641
Guinea,GIN,1993,4781166116.51789
Guinea,GIN,1994,4932800406.92974
Guinea,GIN,1995,5385704166.43341
Guinea,GIN,1996,5641243099.76661
Guinea,GIN,1997,5516916163.0949
Guinea,GIN,1998,5232118046.3713
Guinea,GIN,1999,5046806782.54761
Guinea,GIN,2000,4367458866.71537
Guinea,GIN,2001,4125527603.22908
Guinea,GIN,2002,4301608752.51396
Guinea,GIN,2003,5025167975.26363
Guinea,GIN,2004,5300767960.51572
Guinea,GIN,2005,4282468636.90501
Guinea,GIN,2006,4220019845.26341
Guinea,GIN,2007,6281918226.34408
Guinea,GIN,2008,6964179983.17212
Guinea,GIN,2009,6716905339.73136
Guinea,GIN,2010,6853467145.53089
Guinea,GIN,2011,6785137203.33153
Guinea,GIN,2012,7638044556.84656
Guinea,GIN,2013,8376613539.28278
Guinea,GIN,2014,8778473372.82124
Guinea,GIN,2015,8794201742.84609
Guinea,GIN,2016,8595955222.49719
Guinea,GIN,2017,10324668271.1362
Guinea,GIN,2018,11857030366.7891
Guinea,GIN,2019,13442861496.4454
Guinea,GIN,2020,14088693742.9464
Guinea,GIN,2021,17069115737.8259
Guinea,GIN,2022,19910452541.9219
Guinea,GIN,2023,22407615556.0571
Guinea,GIN,2024,25008678293.4073
Guinea,GIN,2025,28346024753.2924
Guinea-Bissau,GNB,1960,
Guinea-Bissau,GNB,1961,
Guinea-Bissau,GNB,1962,
Guinea-Bissau,GNB,1963,
Guinea-Bissau,GNB,1964,
Guinea-Bissau,GNB,1965,
Guinea-Bissau,GNB,1966,
Guinea-Bissau,GNB,1967,
Guinea-Bissau,GNB,1968,
Guinea-Bissau,GNB,1969,
Guinea-Bissau,GNB,1970,204670550.76064
Guinea-Bissau,GNB,1971,204167296.856603
Guinea-Bissau,GNB,1972,227986203.29754
Guinea-Bissau,GNB,1973,232331281.355932
Guinea-Bissau,GNB,1974,256769730.263158
Guinea-Bissau,GNB,1975,283311996.82299
Guinea-Bissau,GNB,1976,292152321.493146
Guinea-Bissau,GNB,1977,298871674.860041
Guinea-Bissau,GNB,1978,318876550.432277
Guinea-Bissau,GNB,1979,308143183.311819
Guinea-Bissau,GNB,1980,287648258.258297
Guinea-Bissau,GNB,1981,402230865.151515
Guinea-Bissau,GNB,1982,430284021.883771
Guinea-Bissau,GNB,1983,425225176.812165
Guinea-Bissau,GNB,1984,359980490.728569
Guinea-Bissau,GNB,1985,373959151.148591
Guinea-Bissau,GNB,1986,338524232.567315
Guinea-Bissau,GNB,1987,451893374.95907
Guinea-Bissau,GNB,1988,427514321.528126
Guinea-Bissau,GNB,1989,554072302.828333
Guinea-Bissau,GNB,1990,634187269.235013
Guinea-Bissau,GNB,1991,668470890.785147
Guinea-Bissau,GNB,1992,588309271.28603
Guinea-Bissau,GNB,1993,615779518.807114
Guinea-Bissau,GNB,1994,612502084.797565
Guinea-Bissau,GNB,1995,660195402.013602
Guinea-Bissau,GNB,1996,702965147.568054
Guinea-Bissau,GNB,1997,698107222.422492
Guinea-Bissau,GNB,1998,591034143.426384
Guinea-Bissau,GNB,1999,579365780.135134
Guinea-Bissau,GNB,2000,391345597.488269
Guinea-Bissau,GNB,2001,412610871.509121
Guinea-Bissau,GNB,2002,466773711.235579
Guinea-Bissau,GNB,2003,553614800.145707
Guinea-Bissau,GNB,2004,582169841.298304
Guinea-Bissau,GNB,2005,639776040.688424
Guinea-Bissau,GNB,2006,634781901.251494
Guinea-Bissau,GNB,2007,753162998.015113
Guinea-Bissau,GNB,2008,952667544.037289
Guinea-Bissau,GNB,2009,890167833.369849
Guinea-Bissau,GNB,2010,940112538.936436
Guinea-Bissau,GNB,2011,1157074319.19388
Guinea-Bissau,GNB,2012,1049412177.11413
Guinea-Bissau,GNB,2013,1109682824.13594
Guinea-Bissau,GNB,2014,1135250721.0374
Guinea-Bissau,GNB,2015,1152384166.79638
Guinea-Bissau,GNB,2016,1245074264.10396
Guinea-Bissau,GNB,2017,1469978606.12143
Guinea-Bissau,GNB,2018,1554133593.91699
Guinea-Bissau,GNB,2019,1596214680.12925
Guinea-Bissau,GNB,2020,1705062169.81422
Guinea-Bissau,GNB,2021,1907611288.23036
Guinea-Bissau,GNB,2022,1856239954.81555
Guinea-Bissau,GNB,2023,2076748678.11987
Guinea-Bissau,GNB,2024,2197777209.94218
Guinea-Bissau,GNB,2025,2527930272.92988
Liberia,LBR,1960,190495600.0
Liberia,LBR,1961,183920900.0
Liberia,LBR,1962,191861800.0
Liberia,LBR,1963,200229600.0
Liberia,LBR,1964,218929100.0
Liberia,LBR,1965,229260800.0
Liberia,LBR,1966,244459500.0
Liberia,LBR,1967,261024300.0
Liberia,LBR,1968,276820700.0
Liberia,LBR,1969,306961800.0
Liberia,LBR,1970,323099700.0
Liberia,LBR,1971,341543100.0
Liberia,LBR,1972,368098000.0
Liberia,LBR,1973,386968300.0
Liberia,LBR,1974,486955000.0
Liberia,LBR,1975,577549300.0
Liberia,LBR,1976,596675700.0
Liberia,LBR,1977,673010600.0
Liberia,LBR,1978,717240400.0
Liberia,LBR,1979,814067900.0
Liberia,LBR,1980,854711500.0
Liberia,LBR,1981,846514500.0
Liberia,LBR,1982,863933200.0
Liberia,LBR,1983,823374900.0
Liberia,LBR,1984,848478300.0
Liberia,LBR,1985,851296100.0
Liberia,LBR,1986,840964400.0
Liberia,LBR,1987,972800000.0
Liberia,LBR,1988,1038300000.0
Liberia,LBR,1989,786300000.0
Liberia,LBR,1990,384400000.0
Liberia,LBR,1991,348000000.0
Liberia,LBR,1992,223500000.0
Liberia,LBR,1993,160400000.0
Liberia,LBR,1994,132200000.0
Liberia,LBR,1995,134800000.0
Liberia,LBR,1996,159400000.0
Liberia,LBR,1997,295900000.0
Liberia,LBR,1998,359600000.0
Liberia,LBR,1999,441800000.0
Liberia,LBR,2000,874000000.0
Liberia,LBR,2001,906000000.0
Liberia,LBR,2002,927000000.0
Liberia,LBR,2003,748000000.0
Liberia,LBR,2004,897000000.0
Liberia,LBR,2005,949000000.0
Liberia,LBR,2006,1119000000.0
Liberia,LBR,2007,1373000000.0
Liberia,LBR,2008,1726000000.0
Liberia,LBR,2009,1768000000.0
Liberia,LBR,2010,1998000000.0
Liberia,LBR,2011,2398000000.0
Liberia,LBR,2012,2791614000.0
Liberia,LBR,2013,3177198100.0
Liberia,LBR,2014,3225652000.0
Liberia,LBR,2015,3227075700.0
Liberia,LBR,2016,3398419600.0
Liberia,LBR,2017,3390703400.0
Liberia,LBR,2018,3422754800.0
Liberia,LBR,2019,3319596500.0
Liberia,LBR,2020,3176126300.0
Liberia,LBR,2021,3513049500.0
Liberia,LBR,2022,4001047000.0
Liberia,LBR,2023,4390000000.0
Liberia,LBR,2024,4779300900.0
Liberia,LBR,2025,5245938900.0
Mali,MLI,1960,
Mali,MLI,1961,
Mali,MLI,1962,
Mali,MLI,1963,
Mali,MLI,1964,
Mali,MLI,1965,
Mali,MLI,1966,
Mali,MLI,1967,275494477.586098
Mali,MLI,1968,343771972.993855
Mali,MLI,1969,339913867.092785
Mali,MLI,1970,359772315.102198
Mali,MLI,1971,395218628.920694
Mali,MLI,1972,486617280.255549
Mali,MLI,1973,563683703.304705
Mali,MLI,1974,538747339.956033
Mali,MLI,1975,830710615.179954
Mali,MLI,1976,939228017.24779
Mali,MLI,1977,1049838548.10919
Mali,MLI,1978,1222702572.84699
Mali,MLI,1979,1595422955.64433
Mali,MLI,1980,2704362788.89611
Mali,MLI,1981,2234583940.38676
Mali,MLI,1982,1680304773.44143
Mali,MLI,1983,1496616126.58634
Mali,MLI,1984,1387809614.74905
Mali,MLI,1985,1594347021.37347
Mali,MLI,1986,2132938007.1056
Mali,MLI,1987,2437004679.62818
Mali,MLI,1988,2712207900.69838
Mali,MLI,1989,2824822489.24628
Mali,MLI,1990,3248417790.51435
Mali,MLI,1991,3576562681.77395
Mali,MLI,1992,3680775036.92681
Mali,MLI,1993,3632801877.04464
Mali,MLI,1994,2655768635.64569
Mali,MLI,1995,3373322735.47027
Mali,MLI,1996,3743103419.72181
Mali,MLI,1997,3414879485.57287
Mali,MLI,1998,3894433432.46149
Mali,MLI,1999,4091446054.14913
Mali,MLI,2000,3521570875.85064
Mali,MLI,2001,4124281593.68874
Mali,MLI,2002,4647238256.56563
Mali,MLI,2003,5605613011.29141
Mali,MLI,2004,6485774930.41503
Mali,MLI,2005,7429066951.56583
Mali,MLI,2006,8212007553.99393
Mali,MLI,2007,9699047442.57905
Mali,MLI,2008,11462490840.2195
Mali,MLI,2009,12155217832.8039
Mali,MLI,2010,12710739159.5014
Mali,MLI,2011,15452791788.9356
Mali,MLI,2012,14795114602.6122
Mali,MLI,2013,15747192680.9971
Mali,MLI,2014,17081681993.2577
Mali,MLI,2015,15583181170.4105
Mali,MLI,2016,16743796799.8329
Mali,MLI,2017,18308362040.0521
Mali,MLI,2018,20368015381.2413
Mali,MLI,2019,20477421884.5414
Mali,MLI,2020,20698560938.7775
Mali,MLI,2021,22999245262.6719
Mali,MLI,2022,22539987718.7642
Mali,MLI,2023,24777941860.767
Mali,MLI,2024,26761281076.7658
Mali,MLI,2025,30069148580.7688
Niger,NER,1960,449526873.29589
Niger,NER,1961,485785230.978987
Niger,NER,1962,531736599.250464
Niger,NER,1963,586294878.744643
Niger,NER,1964,582816396.404409
Niger,NER,1965,673383510.812866
Niger,NER,1966,702296078.593173
Niger,NER,1967,665586872.274446
Niger,NER,1968,641214226.209493
Niger,NER,1969,625867985.273798
Niger,NER,1970,649916621.242978
Niger,NER,1971,693573703.630273
Niger,NER,1972,742779660.818693
Niger,NER,1973,946385105.193732
Niger,NER,1974,1026137110.89309
Niger,NER,1975,1048690933.21027
Niger,NER,1976,1064517601.29025
Niger,NER,1977,1291458041.46193
Niger,NER,1978,1774365589.70815
Niger,NER,1979,2109277665.69912
Niger,NER,1980,2508524720.71895
Niger,NER,1981,2170893414.3888
Niger,NER,1982,2017612215.97935
Niger,NER,1983,1803099561.20046
Niger,NER,1984,1461243326.12882
Niger,NER,1985,1440581652.39853
Niger,NER,1986,1904096998.30009
Niger,NER,1987,2233006104.92776
Niger,NER,1988,2280356192.76273
Niger,NER,1989,2179567114.33391
Niger,NER,1990,3512356507.88599
Niger,NER,1991,3285796874.97125
Niger,NER,1992,3386232579.22522
Niger,NER,1993,3052673849.25181
Niger,NER,1994,1938058175.21399
Niger,NER,1995,2302537562.24406
Niger,NER,1996,2405686940.0464
Niger,NER,1997,2290318910.20658
Niger,NER,1998,2643363518.99272
Niger,NER,1999,2537789820.69295
Niger,NER,2000,2241753192.81158
Niger,NER,2001,2448714703.96617
Niger,NER,2002,2782192878.67204
Niger,NER,2003,3394084732.49543
Niger,NER,2004,3760443737.53797
Niger,NER,2005,4383315964.58718
Niger,NER,2006,4756361252.37923
Niger,NER,2007,5731485051.79069
Niger,NER,2008,7297600226.00536
Niger,NER,2009,7352131309.73341
Niger,NER,2010,7851192502.30917
Niger,NER,2011,8772950777.79176
Niger,NER,2012,9426912647.59111
Niger,NER,2013,10224897437.8648
Niger,NER,2014,10862943543.5419
Niger,NER,2015,9683867926.44282
Niger,NER,2016,10341025540.2322
Niger,NER,2017,11359273443.3897
Niger,NER,2018,12800907985.9863
Niger,NER,2019,12420836506.7888
Niger,NER,2020,13648332189.7307
Niger,NER,2021,14936154253.3242
Niger,NER,2022,15531799640.9005
Niger,NER,2023,16949765463.9058
Niger,NER,2024,19729786046.7618
Niger,NER,2025,21646191388.2507
Nigeria,NGA,1960,4196174501.5302
Nigeria,NGA,1961,4467287893.08484
Nigeria,NGA,1962,4909399176.24033
Nigeria,NGA,1963,5165590253.7639
Nigeria,NGA,1964,5552931318.82747
Nigeria,NGA,1965,5874537650.18494
Nigeria,NGA,1966,6366917453.23302
Nigeria,NGA,1967,5203237918.70483
Nigeria,NGA,1968,5200997919.60083
Nigeria,NGA,1969,6634317346.27306
Nigeria,NGA,1970,12546094981.562
Nigeria,NGA,1971,9181769911.50443
Nigeria,NGA,1972,12274416017.7976
Nigeria,NGA,1973,15162871287.1287
Nigeria,NGA,1974,24846641318.1242
Nigeria,NGA,1975,27778934624.6973
Nigeria,NGA,1976,36308883248.731
Nigeria,NGA,1977,36035407725.3219
Nigeria,NGA,1978,36527862208.7133
Nigeria,NGA,1979,47259911894.2731
Nigeria,NGA,1980,64201788122.6054
Nigeria,NGA,1981,164475209515.939
Nigeria,NGA,1982,142769363314.176
Nigeria,NGA,1983,97094911792.0489
Nigeria,NGA,1984,73484359521.4887
Nigeria,NGA,1985,73745821158.2254
Nigeria,NGA,1986,54805852580.9129
Nigeria,NGA,1987,52676041931.1087
Nigeria,NGA,1988,49648470440.4593
Nigeria,NGA,1989,44003061108.4005
Nigeria,NGA,1990,54035795387.8086
Nigeria,NGA,1991,59526833412.3581
Nigeria,NGA,1992,52058181853.8055
Nigeria,NGA,1993,56721051402.4732
Nigeria,NGA,1994,80399613063.6364
Nigeria,NGA,1995,140919776986.364
Nigeria,NGA,1996,185730236700.0
Nigeria,NGA,1997,200850397618.182
Nigeria,NGA,1998,218416200672.727
Nigeria,NGA,1999,59145077039.1437
Nigeria,NGA,2000,69171451627.2465
Nigeria,NGA,2001,73557840064.489
Nigeria,NGA,2002,95054059302.6995
Nigeria,NGA,2003,104738954264.226
Nigeria,NGA,2004,135764731645.611
Nigeria,NGA,2005,175670569969.346
Nigeria,NGA,2006,238454997161.48
Nigeria,NGA,2007,278260846800.103
Nigeria,NGA,2008,339476276257.793
Nigeria,NGA,2009,295008835380.997
Nigeria,NGA,2010,366990417129.04
Nigeria,NGA,2011,414466676831.16
Nigeria,NGA,2012,463971018239.281
Nigeria,NGA,2013,520117180313.906
Nigeria,NGA,2014,574183763411.508
Nigeria,NGA,2015,493026682800.63
Nigeria,NGA,2016,404649125252.16
Nigeria,NGA,2017,375745731053.427
Nigeria,NGA,2018,421739251509.08
Nigeria,NGA,2019,668219992686.575
Nigeria,NGA,2020,598586817817.392
Nigeria,NGA,2021,609147716965.348
Nigeria,NGA,2022,646950257575.455
Nigeria,NGA,2023,487387801877.803
Nigeria,NGA,2024,252261880140.271
Nigeria,NGA,2025,290794361542.112
Senegal,SEN,1960,1003692370.46869
Senegal,SEN,1961,1058975256.97025
Senegal,SEN,1962,1085475790.59112
Senegal,SEN,1963,1122139861.67805
Senegal,SEN,1964,1188930645.34423
Senegal,SEN,1965,1210058228.17112
Senegal,SEN,1966,1246908185.96343
Senegal,SEN,1967,1246480765.97984
Senegal,SEN,1968,1309384861.92219
Senegal,SEN,1969,1245234931.43233
Senegal,SEN,1970,1297407654.92832
Senegal,SEN,1971,1339549032.83782
Senegal,SEN,1972,1620857103.53492
Senegal,SEN,1973,1863398590.4556
Senegal,SEN,1974,2099325228.95651
Senegal,SEN,1975,2830388404.8977
Senegal,SEN,1976,2869777884.45166
Senegal,SEN,1977,2938046462.7098
Senegal,SEN,1978,3280354920.8516
Senegal,SEN,1979,4084877822.91679
Senegal,SEN,1980,4510108290.69571
Senegal,SEN,1981,4095892780.58289
Senegal,SEN,1982,4013951442.67081
Senegal,SEN,1983,3569356124.93159
Senegal,SEN,1984,3485165431.71354
Senegal,SEN,1985,3818944917.56713
Senegal,SEN,1986,5392093445.51053
Senegal,SEN,1987,6487353102.81483
Senegal,SEN,1988,6418419388.63499
Senegal,SEN,1989,6366039372.53683
Senegal,SEN,1990,7390967360.42121
Senegal,SEN,1991,7255210469.51743
Senegal,SEN,1992,7769817839.95644
Senegal,SEN,1993,7367986241.21869
Senegal,SEN,1994,5034588195.55806
Senegal,SEN,1995,6326342633.4034
Senegal,SEN,1996,6559712165.96508
Senegal,SEN,1997,6041478725.90443
Senegal,SEN,1998,6505607909.05324
Senegal,SEN,1999,6592834932.80876
Senegal,SEN,2000,6013185003.97525
Senegal,SEN,2001,6507824829.26254
Senegal,SEN,2002,7006402319.75856
Senegal,SEN,2003,8768721563.18211
Senegal,SEN,2004,10076816666.6196
Senegal,SEN,2005,11009033437.939
Senegal,SEN,2006,11697918243.0035
Senegal,SEN,2007,13994218412.9619
Senegal,SEN,2008,16853989627.548
Senegal,SEN,2009,16145867494.9405
Senegal,SEN,2010,16121315909.0758
Senegal,SEN,2011,17814283639.3119
Senegal,SEN,2012,17660870411.5235
Senegal,SEN,2013,18918667724.8817
Senegal,SEN,2014,19797253440.2679
Senegal,SEN,2015,17774766696.1759
Senegal,SEN,2016,19040312333.1864
Senegal,SEN,2017,20965069572.7168
Senegal,SEN,2018,23116701556.1381
Senegal,SEN,2019,23403995992.1354
Senegal,SEN,2020,24530513037.7518
Senegal,SEN,2021,27520784129.7508
Senegal,SEN,2022,27783332222.6759
Senegal,SEN,2023,30696331295.7826
Senegal,SEN,2024,32169996051.8502
Senegal,SEN,2025,37006536238.3731
Sierra Leone,SLE,1960,322009961.547048
Sierra Leone,SLE,1961,327834190.577094
Sierra Leone,SLE,1962,342721416.490967
Sierra Leone,SLE,1963,348547278.787707
Sierra Leone,SLE,1964,371847461.441278
Sierra Leone,SLE,1965,359379856.248058
Sierra Leone,SLE,1966,375479849.80806
Sierra Leone,SLE,1967,348795303.000385
Sierra Leone,SLE,1968,329859731.943893
Sierra Leone,SLE,1969,408690163.476065
Sierra Leone,SLE,1970,434410973.76439
Sierra Leone,SLE,1971,419549304.72479
Sierra Leone,SLE,1972,465381339.740404
Sierra Leone,SLE,1973,575230724.377773
Sierra Leone,SLE,1974,648590642.939889
Sierra Leone,SLE,1975,679336343.584559
Sierra Leone,SLE,1976,594895941.914381
Sierra Leone,SLE,1977,691777583.951156
Sierra Leone,SLE,1978,960728338.93643
Sierra Leone,SLE,1979,1109374911.30306
Sierra Leone,SLE,1980,1100685844.92284
Sierra Leone,SLE,1981,1114830471.91787
Sierra Leone,SLE,1982,1295361885.92419
Sierra Leone,SLE,1983,995104305.347075
Sierra Leone,SLE,1984,1087471861.98928
Sierra Leone,SLE,1985,856890459.363958
Sierra Leone,SLE,1986,490181456.62441
Sierra Leone,SLE,1987,660106336.104339
Sierra Leone,SLE,1988,1055083933.07498
Sierra Leone,SLE,1989,932974420.276529
Sierra Leone,SLE,1990,649644097.566129
Sierra Leone,SLE,1991,779981987.10656
Sierra Leone,SLE,1992,679940813.948366
Sierra Leone,SLE,1993,768867882.965994
Sierra Leone,SLE,1994,911853802.365613
Sierra Leone,SLE,1995,870740291.519248
Sierra Leone,SLE,1996,941709422.502965
Sierra Leone,SLE,1997,850232760.017239
Sierra Leone,SLE,1998,672368187.114756
Sierra Leone,SLE,1999,669386623.951402
Sierra Leone,SLE,2000,635866403.776065
Sierra Leone,SLE,2001,1681473893.76655
Sierra Leone,SLE,2002,1933863910.73227
Sierra Leone,SLE,2003,2142618045.93129
Sierra Leone,SLE,2004,2237350687.46606
Sierra Leone,SLE,2005,2545275312.60512
Sierra Leone,SLE,2006,3263697466.73514
Sierra Leone,SLE,2007,3632957611.35152
Sierra Leone,SLE,2008,4157895298.19572
Sierra Leone,SLE,2009,3953403098.37107
Sierra Leone,SLE,2010,4262805966.78755
Sierra Leone,SLE,2011,4861632884.67985
Sierra Leone,SLE,2012,6141666509.36295
Sierra Leone,SLE,2013,7502762862.72657
Sierra Leone,SLE,2014,7686138790.90872
Sierra Leone,SLE,2015,6788352974.78329
Sierra Leone,SLE,2016,6084297211.10217
Sierra Leone,SLE,2017,5749846528.48046
Sierra Leone,SLE,2018,6390514688.52816
Sierra Leone,SLE,2019,6523577590.38319
Sierra Leone,SLE,2020,6688307705.64217
Sierra Leone,SLE,2021,7166931483.2953
Sierra Leone,SLE,2022,7121125277.18159
Sierra Leone,SLE,2023,6415852766.09227
Sierra Leone,SLE,2024,6971127234.07241
Sierra Leone,SLE,2025,7464157904.43509
Togo,TGO,1960,171057069.137772
Togo,TGO,1961,178497098.264275
Togo,TGO,1962,186745757.859216
Togo,TGO,1963,202305865.235908
Togo,TGO,1964,234572186.455851
Togo,TGO,1965,264505506.022433
Togo,TGO,1966,305227594.821437
Togo,TGO,1967,327215843.636336
Togo,TGO,1968,341691567.465593
Togo,TGO,1969,378091809.602636
Togo,TGO,1970,358665753.909298
Togo,TGO,1971,404648367.76644
Togo,TGO,1972,474043921.843537
Togo,TGO,1973,574030983.980053
Togo,TGO,1974,791450308.362944
Togo,TGO,1975,871781686.907321
Togo,TGO,1976,874681611.928369
Togo,TGO,1977,1097893825.98815
Togo,TGO,1978,1164025637.26464
Togo,TGO,1979,1259365711.53521
Togo,TGO,1980,1604836915.96662
Togo,TGO,1981,1359026709.45126
Togo,TGO,1982,1160337039.38068
Togo,TGO,1983,1081387264.60786
Togo,TGO,1984,1014170069.21689
Togo,TGO,1985,1076604520.42427
Togo,TGO,1986,1498219578.86978
Togo,TGO,1987,1763978065.8368
Togo,TGO,1988,1947208354.22555
Togo,TGO,1989,1910635575.38044
Togo,TGO,1990,2299665505.61434
Togo,TGO,1991,2262767860.10937
Togo,TGO,1992,2390796915.91958
Togo,TGO,1993,1741944426.20894
Togo,TGO,1994,1387662121.46736
Togo,TGO,1995,1849110468.19569
Togo,TGO,1996,2069506014.46659
Togo,TGO,1997,2116818622.95834
Togo,TGO,1998,2241650112.33333
Togo,TGO,1999,2226577203.91399
Togo,TGO,2000,2106848752.27753
Togo,TGO,2001,2093498674.49678
Togo,TGO,2002,2410199032.43102
Togo,TGO,2003,2987984050.99318
Togo,TGO,2004,3191561508.69088
Togo,TGO,2005,3221910408.46516
Togo,TGO,2006,3320907721.74508
Togo,TGO,2007,3759962853.26476
Togo,TGO,2008,4578847112.70688
Togo,TGO,2009,4721888275.26937
Togo,TGO,2010,4746386893.22553
Togo,TGO,2011,5422439152.10906
Togo,TGO,2012,5413541649.14901
Togo,TGO,2013,6021729629.82454
Togo,TGO,2014,6393314707.85456
Togo,TGO,2015,5755457836.01866
Togo,TGO,2016,6071167584.1951
Togo,TGO,2017,6387424239.8801
Togo,TGO,2018,7029215766.46367
Togo,TGO,2019,6992942458.99419
Togo,TGO,2020,7486031561.86885
Togo,TGO,2021,8541668141.26198
Togo,TGO,2022,8646453099.4124
Togo,TGO,2023,9723300576.72675
Togo,TGO,2024,10643440332.2445
Togo,TGO,2025,11889949067.4697
